filename,tlx,tly,brx,bry
COCO_train2014_000000000154,11.98,315.59,361.06,640
COCO_train2014_000000001298,84.64,0.06,639.6,415.56
COCO_train2014_000000002400,465.66,72.29,622.03,298.25
COCO_train2014_000000002823,479.49,99.46,640,383
COCO_train2014_000000002843,353.94,221.21,640,397.22
COCO_train2014_000000002964,409.3,11.18,497.24,371.99
COCO_train2014_000000002964,322.05,10.71,408.53,372.29
COCO_train2014_000000002964,146.62,11.63,241.84,369.87
COCO_train2014_000000004424,44.88,332.47,234.39,588.47
COCO_train2014_000000004424,288.67,243.01,390.4,411.8
COCO_train2014_000000005638,63.64,50.7,306.34,451.96
COCO_train2014_000000007145,227.53,6.74,453.37,148.31
COCO_train2014_000000008436,173.44,237.01,289.5,482.05
COCO_train2014_000000008436,361.34,297.44,441.67,536.13
COCO_train2014_000000008436,424.27,248.81,510.56,487.55
COCO_train2014_000000009353,515.29,27.98,639.86,149.49
COCO_train2014_000000009353,371.97,11.91,536.64,158.3
COCO_train2014_000000010727,220.54,0.72,363.24,193.87
COCO_train2014_000000010727,512.18,24.2,622.14,425.6
COCO_train2014_000000012382,282.61,48.54,567.37,292.31
COCO_train2014_000000012424,101.21,7.38,221.41,253.04
COCO_train2014_000000013372,218.68,174.13,558.11,305.34
COCO_train2014_000000013763,337.94,1.02,638.21,467.03
COCO_train2014_000000014709,374.38,74.49,471.8,344.78
COCO_train2014_000000015195,376.43,0,640,362.02
COCO_train2014_000000015485,11.53,286.75,148.87,436.65
COCO_train2014_000000015554,2.89,70.45,228.91,154.13
COCO_train2014_000000016496,202.67,283.15,327.71,480
COCO_train2014_000000016659,127.11,177.96,329.62,333.24
COCO_train2014_000000017451,237.74,137.24,341.9,356.14
COCO_train2014_000000018211,176.74,212.22,414.28,320.81
COCO_train2014_000000018276,0,91.84,212.54,242.83
COCO_train2014_000000018780,92.76,120.81,420.67,238.38
COCO_train2014_000000018780,415.72,0.78,486.22,224.71
COCO_train2014_000000021504,336.8,340.64,557.5,422.2
COCO_train2014_000000022890,23.84,326.98,287.72,601.99
COCO_train2014_000000023967,210.17,41.09,478.81,630.52
COCO_train2014_000000024939,0.01,81.17,102.49,357.28
COCO_train2014_000000026052,45.2,35.09,136.68,209.43
COCO_train2014_000000026800,400.43,87.88,489.42,271.32
COCO_train2014_000000026800,94.01,98.89,213.46,302.64
COCO_train2014_000000026800,325.28,112.92,476.12,334.55
COCO_train2014_000000027299,410.59,135.44,528.43,442.24
COCO_train2014_000000028069,101.39,58.25,359.19,406.65
COCO_train2014_000000028953,145.98,135.7,286.92,535.88
COCO_train2014_000000029712,2.76,53.58,434.43,237.27
COCO_train2014_000000029712,399.13,246.59,574.03,345.5
COCO_train2014_000000029712,52.99,174.49,272.94,305.53
COCO_train2014_000000029799,133.75,81.65,294.47,472.12
COCO_train2014_000000030274,38.66,20.18,339.33,632.98
COCO_train2014_000000030340,136.63,201.44,356.67,618.52
COCO_train2014_000000030631,132.08,137.55,302.82,452.18
COCO_train2014_000000031885,107.29,3.39,468.71,75.67
COCO_train2014_000000034223,391.85,5.96,497.19,295.84
COCO_train2014_000000034223,257.87,5.11,369.1,304.27
COCO_train2014_000000034616,196.5,0.47,362.5,89.47
COCO_train2014_000000035529,139.15,66.7,281.53,354.7
COCO_train2014_000000035817,368.37,92.57,452.04,401.31
COCO_train2014_000000035995,360.87,106.73,541.78,419.74
COCO_train2014_000000037286,277.12,123.71,406.15,453.24
COCO_train2014_000000037286,551.19,120.81,640,449.8
COCO_train2014_000000037286,62.94,150.66,158.1,419.15
COCO_train2014_000000037582,100.22,190.71,407.7,402.84
COCO_train2014_000000038033,341.16,259.36,460.91,414.18
COCO_train2014_000000038033,350.71,20.45,610.42,239.26
COCO_train2014_000000038033,107.36,274.02,234.15,428.42
COCO_train2014_000000038046,260.14,144.22,470.94,365.83
COCO_train2014_000000038122,551.74,112.93,640,419.99
COCO_train2014_000000038122,385.65,99.54,517.4,411.61
COCO_train2014_000000038558,54.6,335.23,342.37,577.42
COCO_train2014_000000038558,1.38,437.68,427,630.37
COCO_train2014_000000039195,291.78,113.06,438.17,332.64
COCO_train2014_000000039195,530.7,244.52,640,469.96
COCO_train2014_000000039395,74.79,123.69,458,562.34
COCO_train2014_000000040433,175.14,146.49,322.16,315.14
COCO_train2014_000000041233,349.48,144.81,472.45,323.87
COCO_train2014_000000041913,136.99,208.18,281.53,328.99
COCO_train2014_000000042804,411.42,121.59,564.91,329.09
COCO_train2014_000000043998,48.6,116.01,350.71,299.94
COCO_train2014_000000043998,243.16,182.84,521.73,381.01
COCO_train2014_000000044437,163.01,39.09,324.83,505.67
COCO_train2014_000000044625,238.54,212.31,331.37,427
COCO_train2014_000000044788,25.85,295.75,210.21,450.88
COCO_train2014_000000045840,308.78,101.66,403.13,387.56
COCO_train2014_000000046997,5.39,70.11,409.89,231.91
COCO_train2014_000000046997,0,165.47,355.44,448.96
COCO_train2014_000000047198,0.84,40.35,268.46,370.05
COCO_train2014_000000047953,2.8,8.39,149.21,355.31
COCO_train2014_000000048150,1.08,148.85,174.74,472.45
COCO_train2014_000000048150,162.88,34.52,399.1,359.19
COCO_train2014_000000048572,1.38,141.28,147.49,313.58
COCO_train2014_000000050105,454.29,215.19,627.64,328.76
COCO_train2014_000000050161,117.34,90.41,235.64,386.64
COCO_train2014_000000050161,246.22,92.33,367.41,428
COCO_train2014_000000051630,336.05,153.76,427,395.98
COCO_train2014_000000051835,463.46,79.64,615.07,350.24
COCO_train2014_000000052109,16.08,38.59,190.8,470.57
COCO_train2014_000000052248,323.6,81.38,482.53,420.3
COCO_train2014_000000052248,212.06,165.84,319.53,362.55
COCO_train2014_000000052299,284.76,1.98,640,415.1
COCO_train2014_000000052299,125.87,78.88,291.77,307.97
COCO_train2014_000000053304,179.36,142.01,427.62,640
COCO_train2014_000000053643,393.28,172.46,489.53,379.52
COCO_train2014_000000053643,339.12,77.3,432.62,332.88
COCO_train2014_000000053643,2.25,100.19,121.06,235.73
COCO_train2014_000000053729,150.2,202.45,241.88,480
COCO_train2014_000000054003,0,141.27,127.98,427
COCO_train2014_000000055237,407.07,153.51,608.34,422.99
COCO_train2014_000000055966,165.63,203.09,265.16,399.68
COCO_train2014_000000055966,374.44,207.76,492.3,373.05
COCO_train2014_000000056676,190.59,190.59,294.26,435.63
COCO_train2014_000000056677,143.42,29.27,292.71,284.53
COCO_train2014_000000057870,539.33,290.16,640,469.21
COCO_train2014_000000058405,256.18,6.24,365.55,176.06
COCO_train2014_000000058677,0,8.04,71.8,344.8
COCO_train2014_000000060378,1.08,195.24,100.31,462.74
COCO_train2014_000000061144,0.78,255.32,148.64,409.78
COCO_train2014_000000061843,199.07,92.81,374.11,399.59
COCO_train2014_000000061843,412.58,100.93,539.02,298.35
COCO_train2014_000000062038,289.97,98.91,393.61,331.69
COCO_train2014_000000062203,167.44,84.75,259.92,314.19
COCO_train2014_000000062348,30.44,113,202.01,242.13
COCO_train2014_000000062455,428.13,0,639.1,453.85
COCO_train2014_000000063275,258.97,192.98,440.44,377.3
COCO_train2014_000000063485,42.04,1.24,182.53,139.51
COCO_train2014_000000063820,35.83,109.74,553.84,301.45
COCO_train2014_000000066566,0.49,139.67,258.35,289.03
COCO_train2014_000000068866,434.7,242.7,632.09,361.35
COCO_train2014_000000071221,296.17,132.48,368.79,386.67
COCO_train2014_000000071221,434.61,147.23,559.43,415.04
COCO_train2014_000000071221,378.35,120.85,459.67,365.93
COCO_train2014_000000071714,155.26,160.31,632.22,388.81
COCO_train2014_000000073591,117.93,86.65,378.25,316.76
COCO_train2014_000000074065,478.93,91.84,640,427
COCO_train2014_000000074065,269.63,23.03,577.65,426.04
COCO_train2014_000000074925,1.08,3.17,212.02,480
COCO_train2014_000000074942,186.95,23.61,386.66,116.76
COCO_train2014_000000076590,428.05,63.77,513.92,259.89
COCO_train2014_000000077005,125.95,68.88,281.4,264.75
COCO_train2014_000000077174,41.52,369.53,163.22,594.32
COCO_train2014_000000077377,2.88,101.21,331.53,362.11
COCO_train2014_000000078221,0,358.97,95.96,511.72
COCO_train2014_000000078307,61.19,97.37,288.34,427
COCO_train2014_000000078322,472.55,119.69,606.79,413.78
COCO_train2014_000000078322,68.66,131.42,191.62,410.14
COCO_train2014_000000078322,223.39,186.5,303.32,413.99
COCO_train2014_000000078583,5.83,5.94,94.17,414.67
COCO_train2014_000000078583,381.31,19.5,604.64,299.39
COCO_train2014_000000078836,53.41,51.56,190.5,427
COCO_train2014_000000078836,237.12,93.61,370.84,303.25
COCO_train2014_000000078900,1.03,210.58,176.52,311.74
COCO_train2014_000000079111,67.17,23.03,403.01,380.94
COCO_train2014_000000079722,413.57,174.89,596.31,423.99
COCO_train2014_000000079722,147.16,153.89,288.54,425.11
COCO_train2014_000000079722,290.66,219.06,481.76,428
COCO_train2014_000000079722,332.73,134.11,547.24,428
COCO_train2014_000000080471,414.45,193.36,538.06,494
COCO_train2014_000000080590,190.44,0.08,287.75,226.59
COCO_train2014_000000080634,345.65,217.9,522.55,410.73
COCO_train2014_000000080634,236.45,226.88,405.9,421.21
COCO_train2014_000000080818,404.02,28.34,639.54,254.29
COCO_train2014_000000081401,261.88,44.13,625.36,453.89
COCO_train2014_000000081401,9.75,129.98,116.98,445.17
COCO_train2014_000000081810,361.56,211.57,585.97,438.48
COCO_train2014_000000081810,1.57,235.43,297.97,480
COCO_train2014_000000082083,12.41,306,323.92,592.7
COCO_train2014_000000084114,237.15,99.98,420.28,640
COCO_train2014_000000084712,1.44,274.7,166.83,624.18
COCO_train2014_000000086754,66.61,0,177.28,265.4
COCO_train2014_000000087248,323.48,101.14,436.83,383.64
COCO_train2014_000000087248,212.35,65.98,321.59,384.07
COCO_train2014_000000087518,27.99,136.12,187.78,466.16
COCO_train2014_000000087878,246.4,175.73,640,425
COCO_train2014_000000087878,36.29,69.72,302.75,340.96
COCO_train2014_000000088647,495.34,159.06,638.78,293.68
COCO_train2014_000000088647,238.9,132.79,461.92,243.21
COCO_train2014_000000089093,13.43,190.05,181.36,385.8
COCO_train2014_000000089181,126.56,60.4,352.36,632.81
COCO_train2014_000000090830,447.62,106.53,640,300.59
COCO_train2014_000000091055,222.14,232.17,376.7,479.37
COCO_train2014_000000092165,170.43,151.01,529.62,421.75
COCO_train2014_000000092646,155.9,125.3,269.66,369.69
COCO_train2014_000000093992,171.56,303.44,360.9,430.07
COCO_train2014_000000094459,219.43,48.21,342.44,191.17
COCO_train2014_000000094660,13.46,272.65,214.46,427
COCO_train2014_000000094660,113.97,53.87,381.8,427
COCO_train2014_000000094660,402.05,1.92,639.06,422.2
COCO_train2014_000000095257,200.81,195.54,351.14,474.73
COCO_train2014_000000095257,63.64,143.53,331.15,471.44
COCO_train2014_000000095812,427.87,128.77,562.53,358.94
COCO_train2014_000000095812,1.05,73.28,222.47,383.9
COCO_train2014_000000096475,317.5,250.1,481.12,358.3
COCO_train2014_000000096586,193.89,114.87,427.12,640
COCO_train2014_000000096596,0.96,163.19,79.64,361.81
COCO_train2014_000000096808,491.29,150.49,640,334.72
COCO_train2014_000000096808,247.42,162.11,576.22,297.13
COCO_train2014_000000097411,139.13,228.37,498.97,421.24
COCO_train2014_000000098641,468.97,235.74,591.29,363.94
COCO_train2014_000000099724,0,107.87,236.8,369.94
COCO_train2014_000000099724,158.43,24.44,491.29,375
COCO_train2014_000000099956,307.68,357.34,564.98,574.39
COCO_train2014_000000100034,191.93,86.09,395.15,416.31
COCO_train2014_000000100667,285.84,1.08,639.64,474.61
COCO_train2014_000000100667,0,1.9,315.3,409.3
COCO_train2014_000000100812,12.39,355.49,213.33,548.17
COCO_train2014_000000101646,0.96,153.17,201.99,419.3
COCO_train2014_000000101697,536.53,172.82,640,392.78
COCO_train2014_000000102290,94.89,339.7,244.21,524.48
COCO_train2014_000000102667,393.45,205.82,596.4,337.93
COCO_train2014_000000104114,363.51,76.58,473.53,224.36
COCO_train2014_000000104114,437.09,233.31,609.44,439.13
COCO_train2014_000000104114,264.87,76.59,362.51,218.13
COCO_train2014_000000104114,181.86,244.64,343.85,421.64
COCO_train2014_000000104114,39.25,182,237,427.14
COCO_train2014_000000104304,144.65,130.15,445.42,396.48
COCO_train2014_000000104973,194.16,37.82,393.71,283.76
COCO_train2014_000000105620,105.97,82.29,265.56,184.52
COCO_train2014_000000105685,27.89,381.7,241.66,629.1
COCO_train2014_000000108375,488.61,215.64,640,410.8
COCO_train2014_000000111992,0,179.1,119.79,464.02
COCO_train2014_000000111998,327.91,324.79,425.71,632.57
COCO_train2014_000000113844,484.73,4.46,639.32,119.95
COCO_train2014_000000114249,348.27,197.57,483.35,402.49
COCO_train2014_000000114786,14.41,43.96,168.65,319.28
COCO_train2014_000000114807,17.7,78.37,219.94,311.8
COCO_train2014_000000115524,105.98,352.34,448.69,640
COCO_train2014_000000115604,206.49,178.92,305.95,380
COCO_train2014_000000115917,281.16,29.84,640,520
COCO_train2014_000000116607,345.76,121.56,640,400.87
COCO_train2014_000000116882,280.33,276.47,390.87,544.08
COCO_train2014_000000116882,319.54,330.02,460.36,625.96
COCO_train2014_000000117677,186.06,102.31,312.76,321.03
COCO_train2014_000000118543,255.29,321.49,418.43,461.99
COCO_train2014_000000119093,97.93,470.65,232.6,631.46
COCO_train2014_000000119129,0,285.95,114.81,476.58
COCO_train2014_000000119263,257.65,76.96,630.06,347.42
COCO_train2014_000000119534,51.95,170.9,203.97,380.63
COCO_train2014_000000120155,64.72,31.64,422.83,601.17
COCO_train2014_000000121174,343.06,0.72,433.87,215.5
COCO_train2014_000000121174,83.3,13.29,194.01,385
COCO_train2014_000000121174,104.99,39.83,291.96,570.53
COCO_train2014_000000121683,199.55,29.88,379.69,191.68
COCO_train2014_000000121683,464.42,0,640,212.8
COCO_train2014_000000121903,39.43,68.29,135.88,206.99
COCO_train2014_000000121938,535.01,247.01,640,478.92
COCO_train2014_000000121965,147.51,200.88,640,462.75
COCO_train2014_000000122436,290.18,72.89,574.87,493.73
COCO_train2014_000000122667,236.05,147.61,361.75,401.89
COCO_train2014_000000122667,472.47,67.65,556.76,297.24
COCO_train2014_000000122959,91.16,65.25,246.6,310.89
COCO_train2014_000000122959,25,110.12,141.13,363.03
COCO_train2014_000000123831,91.99,360.27,387.68,483.82
COCO_train2014_000000124030,146.7,67.6,480,366.74
COCO_train2014_000000124030,13,242.35,480,629.53
COCO_train2014_000000124347,0,89.04,191.64,315.43
COCO_train2014_000000124580,458.67,141.72,596.84,378.73
COCO_train2014_000000124580,289.56,128.1,410.21,366.25
COCO_train2014_000000124580,395.7,128.78,508.53,367.51
COCO_train2014_000000125350,86.25,88.88,169.5,327.38
COCO_train2014_000000125550,417.39,40.98,614.21,327.16
COCO_train2014_000000125882,15.1,133.75,502.65,480
COCO_train2014_000000127282,309.21,336.1,432.9,620.86
COCO_train2014_000000128136,276.35,59.49,422.2,383.82
COCO_train2014_000000128955,437.54,30.53,544.28,345.94
COCO_train2014_000000128974,163.48,123.16,302.99,394.54
COCO_train2014_000000129771,450.59,210.44,631.56,419.74
COCO_train2014_000000129806,106.6,6.32,198.74,151.77
COCO_train2014_000000131074,299.12,136.58,540.82,225.43
COCO_train2014_000000132617,0.52,304.4,86.09,479.15
COCO_train2014_000000132991,522.55,172.11,606.34,419.97
COCO_train2014_000000132991,356.92,167.18,423.76,414.28
COCO_train2014_000000132991,180.64,231.26,258.88,492.44
COCO_train2014_000000133492,91.65,175.39,328.76,328.42
COCO_train2014_000000134755,387.74,172.92,610.91,393.6
COCO_train2014_000000135348,106.43,163.72,323.6,632.57
COCO_train2014_000000137730,389.45,162.01,586.36,421.28
COCO_train2014_000000137730,259.16,161.13,444.83,417.37
COCO_train2014_000000139728,0,193.91,216.27,389.11
COCO_train2014_000000139763,316.85,326.14,526.12,478
COCO_train2014_000000140733,250.61,133.74,449.17,290.85
COCO_train2014_000000141101,241.05,199.53,395.75,480
COCO_train2014_000000142426,137.03,274.81,255.42,418.17
COCO_train2014_000000142637,138.12,74.86,448.09,421.73
COCO_train2014_000000143003,300.34,147.77,500.89,292.66
COCO_train2014_000000143258,276.91,0.93,388.42,206.68
COCO_train2014_000000143665,109.18,0.95,287.66,375
COCO_train2014_000000143665,282.3,86.85,413.76,365.79
COCO_train2014_000000145606,44.84,33.15,379.23,419.2
COCO_train2014_000000146584,60.35,118.94,156.06,416.81
COCO_train2014_000000147701,209.18,157.07,379.02,420.95
COCO_train2014_000000148044,122.25,458.35,258.88,573.4
COCO_train2014_000000148044,321.43,355.87,407.53,542.42
COCO_train2014_000000148044,68.88,320,309.96,581.17
COCO_train2014_000000148602,0.42,125.76,403.85,234.87
COCO_train2014_000000148809,281.91,29.51,353.49,315.62
COCO_train2014_000000149616,4.3,105.47,256.14,392.83
COCO_train2014_000000149616,468.69,97.36,584.84,377.96
COCO_train2014_000000149921,115.97,161.18,370.47,470.44
COCO_train2014_000000149921,383.11,132.62,536.98,371.26
COCO_train2014_000000150477,233.69,253.81,500.91,420.41
COCO_train2014_000000152079,121.86,115.15,233.17,257.16
COCO_train2014_000000152273,329.55,101.98,523.91,189.64
COCO_train2014_000000152479,379.91,36.39,515.52,428
COCO_train2014_000000152871,103.55,19.09,619.15,473.2
COCO_train2014_000000153591,284.57,150.14,411.92,400.81
COCO_train2014_000000153591,39.9,96.42,197.82,626.7
COCO_train2014_000000153827,96.42,42.49,205.41,333
COCO_train2014_000000153845,268.41,100.11,398.79,431.28
COCO_train2014_000000154257,276.07,245.04,446.33,424.47
COCO_train2014_000000154888,223.48,130.75,388.04,377.37
COCO_train2014_000000154895,72.11,94.65,531.66,465.96
COCO_train2014_000000154911,0,0.1,96.64,307.22
COCO_train2014_000000157194,186.03,42.16,323.66,234.99
COCO_train2014_000000157194,39.15,101.63,296.61,331.24
COCO_train2014_000000159682,1.12,189.55,107.22,323.57
COCO_train2014_000000160648,324.77,34.48,457.69,256.43
COCO_train2014_000000162046,265.35,3.24,638.56,412.04
COCO_train2014_000000162200,3.31,356.41,212.39,575.87
COCO_train2014_000000163828,36.43,204.68,209.24,512
COCO_train2014_000000165606,250.1,164.91,361.5,394.26
COCO_train2014_000000165606,344.34,132.51,602.6,473.58
COCO_train2014_000000165847,171.47,319.57,279.29,605.16
COCO_train2014_000000166230,101.15,49.79,313.03,412.72
COCO_train2014_000000166408,0.57,128.23,248.4,427
COCO_train2014_000000166653,345.62,221.61,465.72,350.51
COCO_train2014_000000167169,524.82,51.33,640,419.76
COCO_train2014_000000167765,0,0,314.65,480.63
COCO_train2014_000000170809,0,28.68,90.54,253.6
COCO_train2014_000000171120,6.78,36.28,170.77,185.73
COCO_train2014_000000171120,95.88,99.85,223.08,253.67
COCO_train2014_000000171536,121.99,80.03,256.45,305.29
COCO_train2014_000000173631,167.47,178.51,323.08,620.68
COCO_train2014_000000175162,215.72,239.44,370.45,371.58
COCO_train2014_000000175745,131.44,45.64,290.27,436.84
COCO_train2014_000000177193,177.54,135.76,272.12,353.52
COCO_train2014_000000177214,263.51,55.71,456.36,191.1
COCO_train2014_000000178017,0.96,167.35,154.85,293.35
COCO_train2014_000000179753,491.46,181.29,567.91,435.76
COCO_train2014_000000180179,264.88,17.32,458,323.72
COCO_train2014_000000180285,352.72,115.24,635.33,480
COCO_train2014_000000180559,188.4,92.08,455.4,383.57
COCO_train2014_000000181711,109.57,102.3,175.96,448.77
COCO_train2014_000000182335,158.91,87.53,281.99,405.29
COCO_train2014_000000182347,141.43,81.34,236.47,326.79
COCO_train2014_000000182347,261.91,101.02,339.73,328.51
COCO_train2014_000000183602,167.59,290.17,356.9,445.34
COCO_train2014_000000184578,84.67,87.15,315,399.51
COCO_train2014_000000184578,289.19,168.21,619.83,389.92
COCO_train2014_000000184761,86.78,57.88,327.46,197.22
COCO_train2014_000000184761,27.43,77.71,236.8,240.46
COCO_train2014_000000184835,422.7,266.49,543.78,475.14
COCO_train2014_000000185229,171.47,228,303.16,442
COCO_train2014_000000187119,458.43,106.79,640,237.3
COCO_train2014_000000187511,230.99,154.37,436.06,393.24
COCO_train2014_000000187566,538.53,310.15,610.88,601
COCO_train2014_000000187566,367.35,311.98,430.83,592.9
COCO_train2014_000000187566,589.69,326.66,640,593.93
COCO_train2014_000000188184,177.24,149.31,324.4,292.17
COCO_train2014_000000191068,21.45,36.68,346.28,296.18
COCO_train2014_000000192319,116.49,0,202.79,250.25
COCO_train2014_000000192476,206.87,313.2,356.19,431.3
COCO_train2014_000000192476,49.91,338.93,205.52,468.93
COCO_train2014_000000192524,217.4,6.46,393.9,473.54
COCO_train2014_000000197068,233.36,0,530.76,198.63
COCO_train2014_000000197407,340.85,395.51,480,585.35
COCO_train2014_000000197407,86.75,299.45,190.85,481.02
COCO_train2014_000000197407,162.06,396.36,271.93,573.53
COCO_train2014_000000198704,1.08,362.43,142.38,474.61
COCO_train2014_000000199640,441.83,141.33,640,290.09
COCO_train2014_000000199888,237.3,284.76,449.8,431.46
COCO_train2014_000000199963,140.79,32.03,272.59,294.88
COCO_train2014_000000199963,318.24,42.03,421.82,289.72
COCO_train2014_000000199963,88.64,41.76,206.39,298.18
COCO_train2014_000000200181,249.38,53.64,455.33,219.33
COCO_train2014_000000201368,105.55,21.11,269.63,227.41
COCO_train2014_000000202567,254.58,6.49,458.5,503.96
COCO_train2014_000000202567,244.19,107.41,331.21,420.44
COCO_train2014_000000203034,244.45,310.18,325.95,480
COCO_train2014_000000203034,31.8,189.33,246.17,480
COCO_train2014_000000203069,65.68,299.28,268.03,423.23
COCO_train2014_000000203069,17.4,202.66,190.11,362.41
COCO_train2014_000000204529,299.69,1.39,391.71,184.19
COCO_train2014_000000204529,200.43,2.15,313.49,351.62
COCO_train2014_000000204792,136.99,91.33,321.92,259.14
COCO_train2014_000000205069,205.66,93.48,307.78,540.76
COCO_train2014_000000207083,455.3,1.18,534.77,191.24
COCO_train2014_000000207467,324.52,35.79,420.91,288.14
COCO_train2014_000000207467,346.2,75.82,500,369.23
COCO_train2014_000000208963,48.11,59.05,158.39,298.41
COCO_train2014_000000212070,271.9,144.52,555.29,421.21
COCO_train2014_000000212628,242.55,131.07,382.46,288.47
COCO_train2014_000000213005,319.74,167.23,508.65,274.84
COCO_train2014_000000214265,202.03,56.59,640,512
COCO_train2014_000000214524,96.69,3.67,210.61,167.37
COCO_train2014_000000214563,373.69,198.86,560.54,329.87
COCO_train2014_000000214563,237.3,117.57,374.29,252.4
COCO_train2014_000000215026,187.3,124.05,379.33,297.23
COCO_train2014_000000215026,89.79,59.48,254.77,263.74
COCO_train2014_000000215569,41.59,201.86,328.61,480
COCO_train2014_000000216822,255.83,86.55,389.68,425
COCO_train2014_000000216840,161.43,137.33,393.9,284.77
COCO_train2014_000000217268,147.86,136.95,267.86,324.45
COCO_train2014_000000218447,198.59,220.61,366.34,381.6
COCO_train2014_000000218863,311.75,179.53,429.7,369.02
COCO_train2014_000000218984,182.1,25.54,347.66,360.25
COCO_train2014_000000219229,323.74,25.62,469.97,166.65
COCO_train2014_000000219349,357.64,425.03,568.11,612
COCO_train2014_000000219535,333.55,148.7,640,443.28
COCO_train2014_000000220842,295.14,408.11,592.43,475.14
COCO_train2014_000000221252,55.73,219.57,456.49,366.6
COCO_train2014_000000222209,174.61,342.83,336.1,471.38
COCO_train2014_000000222506,86.07,54.4,366.81,452.98
COCO_train2014_000000223871,0.48,1.2,117.94,502.49
COCO_train2014_000000224056,59.69,59.69,358.13,318.34
COCO_train2014_000000224753,17.23,90.05,298.68,215.46
COCO_train2014_000000225468,0,30.03,168.15,270.98
COCO_train2014_000000226594,20.18,0,166.28,354.35
COCO_train2014_000000226594,410.38,163.95,568.85,328.92
COCO_train2014_000000226734,35.86,126.21,379.31,633.79
COCO_train2014_000000227825,300.94,193.08,474.61,474.61
COCO_train2014_000000228000,0,84.14,421.72,323.04
COCO_train2014_000000228356,88.99,80.9,204.27,450
COCO_train2014_000000228356,214.38,75.67,341.8,445.79
COCO_train2014_000000228356,480.34,90,576.4,443.93
COCO_train2014_000000229362,5.64,3.52,189.56,287.9
COCO_train2014_000000229541,93.82,3.83,228.8,198.16
COCO_train2014_000000230321,1.08,229.44,379.23,474.31
COCO_train2014_000000233871,115.42,142.91,300.76,371.52
COCO_train2014_000000235316,51.34,21.24,332.22,365.54
COCO_train2014_000000236397,363.88,76.16,534.54,277.85
COCO_train2014_000000236556,4.04,268.93,230.04,605.87
COCO_train2014_000000237922,0.96,94.04,213.02,330.09
COCO_train2014_000000239933,116.08,170.58,252.82,341.51
COCO_train2014_000000242350,0.75,10.51,309.23,328.75
COCO_train2014_000000242453,485.92,64.92,581.62,279.72
COCO_train2014_000000242807,281.5,1.93,640,424.18
COCO_train2014_000000243120,545.28,179.53,639.55,426
COCO_train2014_000000244171,159.87,181.89,246.03,422.17
COCO_train2014_000000246390,404.26,78.47,611.47,449.21
COCO_train2014_000000246539,0,67.03,198.26,169.71
COCO_train2014_000000246539,0,281.53,194.16,384
COCO_train2014_000000247818,143.82,271.91,214.61,482.02
COCO_train2014_000000248052,98.16,26.97,242.7,473.53
COCO_train2014_000000249429,169.07,441.13,426.52,635.21
COCO_train2014_000000249905,435.97,184.9,605.64,447.99
COCO_train2014_000000252136,146.33,377.76,315,477.26
COCO_train2014_000000252136,328.75,35.63,640,256.88
COCO_train2014_000000252136,147.16,137.28,280.49,232.1
COCO_train2014_000000252277,243.82,78.62,640,242.05
COCO_train2014_000000252277,246.14,230.82,639.25,377.79
COCO_train2014_000000253049,511.92,23.02,600.61,232.9
COCO_train2014_000000253251,99,60.97,215.08,286.46
COCO_train2014_000000253522,170.61,185.21,248.16,401.44
COCO_train2014_000000253904,282.88,31.02,407.65,245.98
COCO_train2014_000000253904,86.06,92.04,196.81,291.84
COCO_train2014_000000253904,219.26,92.09,297.08,269.44
COCO_train2014_000000254577,361.9,108.3,483.49,420.41
COCO_train2014_000000254585,385.29,219.5,491.84,480
COCO_train2014_000000256546,33.25,360.73,287.58,583.48
COCO_train2014_000000256546,189.04,339.99,420.22,629.81
COCO_train2014_000000256546,322.16,329.35,568.09,589.66
COCO_train2014_000000256659,331.87,30.97,469.04,376.11
COCO_train2014_000000256951,550.83,152.45,640,352.36
COCO_train2014_000000257804,283.99,11.01,500,368.31
COCO_train2014_000000258237,281.3,56.77,360.73,332.46
COCO_train2014_000000258249,299,148.83,445,357.33
COCO_train2014_000000259104,246.8,132.8,337.74,446.64
COCO_train2014_000000260010,348.76,105.61,454.21,341.15
COCO_train2014_000000260029,278.86,219.02,585,449.7
COCO_train2014_000000260029,131.83,262.9,344.84,419.11
COCO_train2014_000000260129,330.09,56.61,473.06,375.18
COCO_train2014_000000260299,101.19,38.78,338.19,144.41
COCO_train2014_000000263039,97.69,205.99,232.65,379.51
COCO_train2014_000000264371,0,230.13,412.03,334.49
COCO_train2014_000000264885,224.45,112.02,375,375.11
COCO_train2014_000000265235,46.48,61.97,282.3,264.23
COCO_train2014_000000266240,0.04,446.46,381.7,537.9
COCO_train2014_000000266240,98.01,46.09,209.02,424.68
COCO_train2014_000000266240,164.32,2.88,394.95,446.85
COCO_train2014_000000267871,105.03,345.41,262.41,479.45
COCO_train2014_000000267871,398.36,372.83,588.69,480
COCO_train2014_000000267871,247.83,354.32,405.1,480
COCO_train2014_000000269532,87.61,233.23,276.89,393.29
COCO_train2014_000000269890,96.66,8.01,257.52,288.13
COCO_train2014_000000270269,178.49,124.02,350.88,416.11
COCO_train2014_000000270460,262.76,127.29,425,278.07
COCO_train2014_000000273184,295.87,83.18,472.48,246.41
COCO_train2014_000000273197,49.79,99.87,221.52,408.78
COCO_train2014_000000274267,419.02,286.13,611.95,391.6
COCO_train2014_000000274839,184.23,126.37,388.62,380.65
COCO_train2014_000000275180,327.68,216.98,447.02,541.57
COCO_train2014_000000275707,539.77,52.18,603,381.52
COCO_train2014_000000275741,138.16,123.87,222.96,367.78
COCO_train2014_000000276283,300.66,71.88,421.73,333.27
COCO_train2014_000000276460,2.02,172.1,114.4,401.9
COCO_train2014_000000277439,0.96,39.34,368.47,422.2
COCO_train2014_000000277491,10.03,159.56,283.39,545.77
COCO_train2014_000000278055,276.76,181.08,612.97,474.05
COCO_train2014_000000278549,0,69.62,174.45,383.56
COCO_train2014_000000279415,382.7,81.08,618.38,473.51
COCO_train2014_000000279632,269.66,107.87,352.72,404.49
COCO_train2014_000000279632,352.43,64.86,469.19,372.97
COCO_train2014_000000279632,185.03,217.69,300.41,398.37
COCO_train2014_000000279882,2.39,27.49,121.9,299.96
COCO_train2014_000000280018,180.54,203.24,509.19,473.51
COCO_train2014_000000280873,132.67,232.99,537.17,366.74
COCO_train2014_000000281840,286.01,99.42,534.16,441
COCO_train2014_000000281840,148.99,111.74,357.57,436.53
COCO_train2014_000000283479,316.98,154.71,512.12,337.42
COCO_train2014_000000283479,332.38,209.05,631.14,480
COCO_train2014_000000283937,59.19,231.79,241.7,389.64
COCO_train2014_000000284639,184.8,3.96,480.49,146.41
COCO_train2014_000000284902,439.28,55.32,609.68,418.25
COCO_train2014_000000285170,371.33,233.8,590,470.35
COCO_train2014_000000285307,346.22,58.71,446.27,371.99
COCO_train2014_000000288039,36.97,0,188.96,334.79
COCO_train2014_000000288691,9.69,70.56,254.61,474.26
COCO_train2014_000000288691,390.19,32,640,474.84
COCO_train2014_000000289212,0,290.16,124.04,417.44
COCO_train2014_000000289212,273.86,286.42,444.81,397.97
COCO_train2014_000000289425,75.52,112.48,226.56,452.85
COCO_train2014_000000289425,314.71,60.51,554.45,398.01
COCO_train2014_000000289482,353.08,101.22,447.11,420.72
COCO_train2014_000000290072,221.92,77.45,323.58,376.69
COCO_train2014_000000290549,63.02,55.62,346.92,260.12
COCO_train2014_000000291658,0,201,167.64,388.67
COCO_train2014_000000292116,39.71,135.6,191.77,426.16
COCO_train2014_000000294823,298.37,151.42,480,586.95
COCO_train2014_000000296614,438.49,114.04,599.33,402.22
COCO_train2014_000000297527,162.4,103.61,456.84,197.33
COCO_train2014_000000298481,238.41,333.57,389.91,464.91
COCO_train2014_000000298983,367.67,160.3,491.43,416.94
COCO_train2014_000000299932,30.71,71.01,124.74,321.45
COCO_train2014_000000299932,130.9,46.06,285.78,389.32
COCO_train2014_000000299933,112.81,208.54,340.58,384.63
COCO_train2014_000000300197,363.77,53.38,463.86,247.1
COCO_train2014_000000300197,460.58,49.11,574.34,226.68
COCO_train2014_000000300392,316.91,126.98,358.06,398.09
COCO_train2014_000000300578,48.47,123.08,217.65,308.42
COCO_train2014_000000301158,1.08,140.22,112.18,293.39
COCO_train2014_000000301373,2.5,225.63,102.5,435.63
COCO_train2014_000000301938,2.75,85.36,468.97,330.16
COCO_train2014_000000302415,314.73,88.08,468.33,310.43
COCO_train2014_000000302415,47.63,124.41,140.82,332.35
COCO_train2014_000000302885,80.29,206.47,276.18,367.06
COCO_train2014_000000303144,102.39,63.94,213.32,233.26
COCO_train2014_000000303144,450.73,105.22,599.43,326.78
COCO_train2014_000000303144,346.58,123.62,552.42,348.6
COCO_train2014_000000304150,81.08,118.38,267.03,305.41
COCO_train2014_000000304319,277.25,148.31,500,347.19
COCO_train2014_000000305231,385.82,185.39,531.4,303.03
COCO_train2014_000000305267,0,77.66,152.09,338.7
COCO_train2014_000000306267,324.67,145.62,600.81,472.45
COCO_train2014_000000306267,125.12,31.28,341.93,279.37
COCO_train2014_000000307322,543.86,207.13,640,442.06
COCO_train2014_000000308222,213.88,83.29,391.76,210.35
COCO_train2014_000000308463,272.5,101.88,383.75,284.38
COCO_train2014_000000308470,21.78,82.69,189.01,231.43
COCO_train2014_000000308470,42.51,150.33,301.47,430.62
COCO_train2014_000000308536,328.69,195.29,612,424.96
COCO_train2014_000000308536,0,200.88,138.9,414.05
COCO_train2014_000000310158,1.08,173.73,275.06,472.52
COCO_train2014_000000310780,33.02,43.53,252.19,237.93
COCO_train2014_000000310865,465.59,82.16,640,335.86
COCO_train2014_000000313164,339.46,69.73,430.27,360.54
COCO_train2014_000000313164,186.16,53.15,364.68,375.61
COCO_train2014_000000313164,384.74,41.02,523.97,480
COCO_train2014_000000313360,411.26,244.51,638.83,354.68
COCO_train2014_000000314065,325.65,44.42,514.11,502.53
COCO_train2014_000000314237,376.75,313.88,640,630.73
COCO_train2014_000000314237,49.74,141.13,422.8,630.25
COCO_train2014_000000314920,358.03,241.5,476.96,432.28
COCO_train2014_000000315043,157.92,287.58,299.22,397.3
COCO_train2014_000000315521,396.42,192,579.39,467.58
COCO_train2014_000000315751,259.36,129.44,372.78,439
COCO_train2014_000000316238,261.47,86.61,478.24,331.92
COCO_train2014_000000316238,255.57,62.03,373.31,362.59
COCO_train2014_000000316293,8.3,195.84,216.1,398.18
COCO_train2014_000000316293,70.78,45.18,252.99,228.89
COCO_train2014_000000316293,308.02,106.48,427,336.04
COCO_train2014_000000316557,158.05,60.44,329.87,542.5
COCO_train2014_000000316557,257.69,83.73,371.12,498.78
COCO_train2014_000000317112,319.03,96.38,640,428
COCO_train2014_000000318528,111.98,138.03,287.46,387.22
COCO_train2014_000000319644,533.95,248.06,638.26,476.63
COCO_train2014_000000319644,220.04,204.94,313.89,463.82
COCO_train2014_000000319644,70.26,115.78,171.44,386.06
COCO_train2014_000000319644,0.55,211.11,99.04,449.24
COCO_train2014_000000319644,288.43,88.36,399.28,413.38
COCO_train2014_000000320963,247.84,124.92,349.96,394.58
COCO_train2014_000000322517,0.96,1.92,165.04,200.55
COCO_train2014_000000323213,214.29,61.84,382.56,526.38
COCO_train2014_000000323475,72.95,154.39,218.86,285.37
COCO_train2014_000000323475,0,263.53,179.2,447.25
COCO_train2014_000000323896,72.39,178.99,281.65,289.55
COCO_train2014_000000324682,20.63,421.2,482.54,594.12
COCO_train2014_000000324705,172.32,82.98,261.42,360.26
COCO_train2014_000000324923,82.76,154.64,276.76,427
COCO_train2014_000000325891,326.49,79.46,494.05,250.27
COCO_train2014_000000325891,0,30.02,426.07,475.51
COCO_train2014_000000326056,269.66,313.89,390.47,448.72
COCO_train2014_000000326350,127.92,159.66,211.6,407.8
COCO_train2014_000000326823,2.88,2.88,148.13,307.78
COCO_train2014_000000327042,481.69,110.35,602.6,403.01
COCO_train2014_000000327063,265.46,71.17,370.29,334.71
COCO_train2014_000000327063,11.54,49.85,109.64,404.76
COCO_train2014_000000327338,295.43,39.52,463.51,426.04
COCO_train2014_000000327561,82.24,77.85,156.4,363
COCO_train2014_000000327881,108.17,49.03,227.01,371.82
COCO_train2014_000000328318,16.42,74.18,179.62,358.84
COCO_train2014_000000328969,338.2,245.21,480,344.73
COCO_train2014_000000328969,31.64,284.52,237.3,416.84
COCO_train2014_000000328969,0,385.72,232.26,567.42
COCO_train2014_000000328969,199.99,279.08,380.63,384.03
COCO_train2014_000000328969,358.99,332.27,480,485.31
COCO_train2014_000000329058,388.57,32.68,635.51,398.55
COCO_train2014_000000329141,21.25,1.5,373.97,224.79
COCO_train2014_000000329141,387.44,229.24,594.08,472.47
COCO_train2014_000000330284,290,224.43,449.7,361.79
COCO_train2014_000000331409,298.21,62.64,500,270.72
COCO_train2014_000000331463,253.13,78.77,378.12,353.96
COCO_train2014_000000331463,525.4,270.43,640,480
COCO_train2014_000000332905,382.45,52.91,500,318.9
COCO_train2014_000000333461,257.91,135.58,318.12,414.31
COCO_train2014_000000333461,450.56,157.44,513.28,441.6
COCO_train2014_000000333461,202.62,79.96,297.6,421.55
COCO_train2014_000000333461,311.65,109.62,422.25,393.22
COCO_train2014_000000333492,225.18,84.76,317.64,376.72
COCO_train2014_000000333492,264.24,86.22,418.94,381
COCO_train2014_000000336078,476.76,118.65,600.81,381.84
COCO_train2014_000000336078,405.98,108.33,489.5,447.84
COCO_train2014_000000336406,433.86,92.1,636.39,338.03
COCO_train2014_000000336406,0,83.35,193.58,331.99
COCO_train2014_000000336491,345.07,0.72,640,344.83
COCO_train2014_000000336503,151.69,97.25,303.39,422.3
COCO_train2014_000000337147,119.92,17.23,245.35,130.26
COCO_train2014_000000337628,326.12,54.78,494.66,145.79
COCO_train2014_000000337628,270.36,129.76,470.27,258.88
COCO_train2014_000000337976,435.5,279.83,627.12,449.31
COCO_train2014_000000338872,1.08,78.59,223.93,473.69
COCO_train2014_000000339918,1.08,0.81,257.88,396.3
COCO_train2014_000000340703,0,146.18,330.74,383.85
COCO_train2014_000000343291,277.35,82.38,500.49,344.62
COCO_train2014_000000343407,310.38,140.89,499.89,333
COCO_train2014_000000344259,68.6,202.95,285.84,309.66
COCO_train2014_000000345019,0,36.39,394.46,327.48
COCO_train2014_000000345390,56.64,333.98,461.42,593.7
COCO_train2014_000000347167,19.47,31.93,189.57,184.83
COCO_train2014_000000347796,197.48,263.78,360.36,373.33
COCO_train2014_000000347796,160.65,102.48,345.3,301.13
COCO_train2014_000000348302,8.63,81.98,245.93,474.61
COCO_train2014_000000348639,459.85,142.74,578.43,302.77
COCO_train2014_000000349170,187.8,55.6,500,323.69
COCO_train2014_000000350070,324.65,160.52,401.74,398.94
COCO_train2014_000000351397,18.23,208.22,179.44,319.53
COCO_train2014_000000351397,161.39,167.03,382.86,347.4
COCO_train2014_000000351397,136.56,256.3,490.47,422.67
COCO_train2014_000000351654,255.12,130.99,422.46,290.1
COCO_train2014_000000352357,71.91,33.65,191.28,314.1
COCO_train2014_000000352389,153.87,51.45,446.23,261.1
COCO_train2014_000000352814,61.48,29.12,319.28,252.4
COCO_train2014_000000352814,325.37,228.83,576.64,473.66
COCO_train2014_000000352892,309.43,110.37,469.45,423.66
COCO_train2014_000000353146,0,45.23,133.91,246.53
COCO_train2014_000000353146,0.94,123.88,197.34,368.94
COCO_train2014_000000354608,72.47,196.35,457.58,260.39
COCO_train2014_000000354608,22.75,246.07,499.72,288.2
COCO_train2014_000000354771,269.98,19.58,487.96,420.14
COCO_train2014_000000354771,109.39,26.3,237.72,225.1
COCO_train2014_000000354772,185.05,81.72,457.52,476
COCO_train2014_000000358706,409.51,66.91,530.93,272.86
COCO_train2014_000000361907,271.98,120.1,387.59,283.87
COCO_train2014_000000361907,343.71,0,455.72,181.52
COCO_train2014_000000361907,240.93,0,349.41,119.8
COCO_train2014_000000361907,16.35,150.51,139.45,296.69
COCO_train2014_000000363252,249.35,287.01,345.45,493.51
COCO_train2014_000000364467,55.01,152.09,334.38,429.3
COCO_train2014_000000364862,494.8,138.36,601.39,391.32
COCO_train2014_000000364913,51.12,200.73,297.97,364.05
COCO_train2014_000000366071,0.96,1.03,139.46,307.84
COCO_train2014_000000366789,291.43,195.94,486.76,343.74
COCO_train2014_000000367869,461.73,157.67,610.13,469.5
COCO_train2014_000000370461,108.32,124.99,460.37,394.75
COCO_train2014_000000370802,382.21,57.97,563.19,252.83
COCO_train2014_000000371486,156.82,0.97,500,363.31
COCO_train2014_000000371486,2.53,219.8,177.81,370.65
COCO_train2014_000000372003,19.42,190.92,160.72,389.39
COCO_train2014_000000372588,1.08,306.98,414.34,478
COCO_train2014_000000373251,170.86,56.1,317.02,357.67
COCO_train2014_000000373444,306.34,116.31,432.54,452.85
COCO_train2014_000000373444,413.42,78.03,582.01,423.8
COCO_train2014_000000374553,116.85,139.06,426.07,395.24
COCO_train2014_000000374553,359.37,24.15,477.65,275.17
COCO_train2014_000000376573,496.22,102.16,596.76,448.11
COCO_train2014_000000376806,220.04,41.89,347.33,147.6
COCO_train2014_000000376806,59.14,151.66,201.54,285.56
COCO_train2014_000000376806,366.98,137.49,502.6,268.9
COCO_train2014_000000376819,186.19,131.3,311.03,298.12
COCO_train2014_000000379434,334.1,102.27,448.02,321.49
COCO_train2014_000000381128,1,84.87,282.03,400.64
COCO_train2014_000000381889,165.39,168.37,343.73,630.03
COCO_train2014_000000384910,240.9,372.18,438.58,547.27
COCO_train2014_000000385401,50.79,169.09,205.7,311.3
COCO_train2014_000000386154,222.53,319.94,407.81,417.36
COCO_train2014_000000387105,84.54,124.76,285.97,219.03
COCO_train2014_000000387124,183.64,308.31,323.1,577.04
COCO_train2014_000000387202,2.88,164.16,606.24,453.6
COCO_train2014_000000387615,0,151.64,164.01,382.98
COCO_train2014_000000387615,313.62,225.04,476.41,351.92
COCO_train2014_000000387615,280.04,129.18,491.02,264.35
COCO_train2014_000000387615,108.56,74.45,352.17,321.6
COCO_train2014_000000388031,438.49,210.13,522.01,506.63
COCO_train2014_000000388807,235.11,61.05,385.1,310.49
COCO_train2014_000000389145,421.66,207.13,640,488.97
COCO_train2014_000000389157,87,156.38,228.75,328.13
COCO_train2014_000000391088,169.51,0.88,406.87,163.24
COCO_train2014_000000391088,455.91,238.74,638.56,524.94
COCO_train2014_000000391088,214.29,373.93,529.26,638.56
COCO_train2014_000000391229,228.67,20.33,380.43,283.33
COCO_train2014_000000391272,260.45,90.4,417.58,473.54
COCO_train2014_000000391292,58.9,200.16,188.42,431.44
COCO_train2014_000000391292,79.31,163.12,254.89,412.77
COCO_train2014_000000391332,310.94,167.04,541.54,253.41
COCO_train2014_000000391439,70.11,234.07,215.73,393.71
COCO_train2014_000000391488,2.69,50.33,152.47,357.95
COCO_train2014_000000392015,67.96,154.25,291.24,480
COCO_train2014_000000392015,0.99,23.21,242.18,375.57
COCO_train2014_000000392145,178.4,277.89,288.22,427.92
COCO_train2014_000000392520,399.49,127.56,634.71,372.98
COCO_train2014_000000392747,263.51,124.54,394.3,363.05
COCO_train2014_000000392869,550.2,108.66,640,293.41
COCO_train2014_000000394975,376.52,371.53,604.68,472.52
COCO_train2014_000000394992,463.19,282.56,565.42,478.16
COCO_train2014_000000394992,121.17,139.08,201.16,376.84
COCO_train2014_000000394992,441.51,103.42,582.04,343.39
COCO_train2014_000000395791,376.54,107.06,569.45,313.17
COCO_train2014_000000395853,0,54.04,126.6,450.31
COCO_train2014_000000395853,38,169.45,204.37,445.7
COCO_train2014_000000395853,387.52,61.44,544.19,457
COCO_train2014_000000397479,73.29,37.9,537.82,470.52
COCO_train2014_000000399880,330.11,140.65,420.46,491.15
COCO_train2014_000000399880,411.62,115.14,524.08,498.1
COCO_train2014_000000399880,542.73,102.27,627.57,498.57
COCO_train2014_000000402603,196.47,17.65,361.18,175.29
COCO_train2014_000000402632,287.83,43.35,394.1,343.19
COCO_train2014_000000402806,1.08,92.97,141.62,321.08
COCO_train2014_000000402960,2.87,227.48,158.93,419.92
COCO_train2014_000000403004,460.77,121.94,633.32,418.84
COCO_train2014_000000403358,452.91,159.53,621.79,294.82
COCO_train2014_000000404828,363.83,69.12,452.3,451.74
COCO_train2014_000000404852,0.96,107.23,116.37,421.71
COCO_train2014_000000404852,137.22,145.85,326.25,422.2
COCO_train2014_000000404852,58.78,128.65,186.33,421.45
COCO_train2014_000000408266,175.79,58.34,547.21,397.25
COCO_train2014_000000408390,218.49,14.15,357.74,151.13
COCO_train2014_000000409653,428.91,26.81,640,303.5
COCO_train2014_000000412657,0,0.8,149.69,80.44
COCO_train2014_000000413874,219.14,248.71,305.2,526.26
COCO_train2014_000000413874,232.19,264.56,357.91,545.19
COCO_train2014_000000414002,281.3,59.3,378.5,375
COCO_train2014_000000414916,254.56,64.72,345.17,290.52
COCO_train2014_000000415235,392.68,91.46,530.81,332.58
COCO_train2014_000000415697,148.05,199.38,284.02,322.56
COCO_train2014_000000416450,0.96,0.48,315.44,417.86
COCO_train2014_000000416651,271.64,63.72,402.6,517.1
COCO_train2014_000000416723,0,104.41,246.98,421.28
COCO_train2014_000000417006,226.17,108.48,315.27,361.25
COCO_train2014_000000417220,117.84,266.49,370.81,414.59
COCO_train2014_000000417365,197.18,60.59,427,631.76
COCO_train2014_000000418056,405.98,59.32,529.21,384.11
COCO_train2014_000000418065,199.91,0,280.45,218.61
COCO_train2014_000000419001,320.49,44.14,445.23,312.81
COCO_train2014_000000419001,189.99,120.74,366.55,354.87
COCO_train2014_000000419019,0,285.27,101.88,638.28
COCO_train2014_000000419026,49.78,95.64,254.81,288.82
COCO_train2014_000000419026,90.61,266.43,319.28,423.91
COCO_train2014_000000420028,25.91,193.03,102.83,437.7
COCO_train2014_000000420831,490.13,2.21,535.39,352.14
COCO_train2014_000000420831,438.31,59.99,496.31,354.73
COCO_train2014_000000420864,141.6,23.73,208.51,356.72
COCO_train2014_000000422705,176.23,72.82,299.17,313.95
COCO_train2014_000000422705,251.97,65.44,386.19,322.49
COCO_train2014_000000422782,5.51,86.17,269.97,421.34
COCO_train2014_000000422969,522.86,140.01,640,328.44
COCO_train2014_000000423412,24.86,0.54,183.78,186.49
COCO_train2014_000000423806,220.04,1.08,408.81,471.37
COCO_train2014_000000424278,214.14,96.96,562.66,422.54
COCO_train2014_000000424485,132.66,71.76,233.32,204.86
COCO_train2014_000000424821,0,131.37,116.33,379.78
COCO_train2014_000000425063,501.57,222.2,633.17,337.62
COCO_train2014_000000425063,330.81,48.65,480,189.19
COCO_train2014_000000425063,230.13,278.12,391.09,440.85
COCO_train2014_000000426478,440.4,115.1,640,422
COCO_train2014_000000426525,25.73,120.72,521.19,336.05
COCO_train2014_000000427169,381.04,37.73,600.81,312.16
COCO_train2014_000000427238,345.83,37.48,480,380.44
COCO_train2014_000000427238,266.67,280.36,373.33,464.86
COCO_train2014_000000427756,1.01,43.06,206.47,479.65
COCO_train2014_000000428109,66.24,39.89,243.36,192.53
COCO_train2014_000000428109,464.49,300.23,612,429.31
COCO_train2014_000000428109,242.88,0,471.6,145.82
COCO_train2014_000000428109,1.38,119.65,431.84,305.31
COCO_train2014_000000428117,0.03,197.01,126.09,364.06
COCO_train2014_000000428208,344.74,97.98,467.3,217.23
COCO_train2014_000000428787,183.46,73.28,436.41,472.77
COCO_train2014_000000428787,28.56,57.99,264.57,476.43
COCO_train2014_000000429745,144.81,50.97,223.28,350.29
COCO_train2014_000000430759,74.78,146.01,210,263.7
COCO_train2014_000000430925,253.65,81.95,466.85,253.86
COCO_train2014_000000430925,116.63,92.94,302.92,275.18
COCO_train2014_000000431400,464.2,162.93,640,390.65
COCO_train2014_000000432372,104.74,225.21,395.01,341.05
COCO_train2014_000000432372,8.04,186.38,303.42,272.78
COCO_train2014_000000432754,31.64,40.27,254.56,632.81
COCO_train2014_000000433405,284.79,97.26,406.75,424.7
COCO_train2014_000000434201,339.39,191.98,543.32,368.84
COCO_train2014_000000434951,60.77,145.85,340.94,360.1
COCO_train2014_000000434951,139.6,88.16,601.34,430.71
COCO_train2014_000000436333,424.86,1.62,572.97,415.68
COCO_train2014_000000438099,0,329.81,640,392.57
COCO_train2014_000000438422,287.83,158.85,448.09,421.73
COCO_train2014_000000439303,229.75,232.99,570.61,480
COCO_train2014_000000439692,281.68,119.94,479.13,534.93
COCO_train2014_000000440154,173.07,119.71,405.17,348.06
COCO_train2014_000000441212,446.6,129.84,615.15,391.58
COCO_train2014_000000441212,296.13,172.04,403.12,324.88
COCO_train2014_000000441640,257.66,390.65,477.09,631.69
COCO_train2014_000000442461,1.1,194.19,229.5,485.48
COCO_train2014_000000442680,0,96.01,333.49,331.4
COCO_train2014_000000442771,24.92,105.96,217.22,280.94
COCO_train2014_000000443093,161.9,82.32,371.21,280.04
COCO_train2014_000000443093,0,311,212.98,416.53
COCO_train2014_000000443093,106.49,31.47,305.2,265.36
COCO_train2014_000000443944,71.33,198.75,203.93,330.19
COCO_train2014_000000444010,0.11,50.61,201.64,305.96
COCO_train2014_000000444166,349.46,119.91,474.86,391.26
COCO_train2014_000000444166,270.58,137.62,383.59,398.88
COCO_train2014_000000444214,443.12,115.93,541.11,422.28
COCO_train2014_000000444285,1.08,174.85,148.85,385.18
COCO_train2014_000000444348,459.2,123.1,591.72,324.38
COCO_train2014_000000444348,341.78,113.32,471.21,297.38
COCO_train2014_000000444598,67.77,20.93,189.41,129.87
COCO_train2014_000000444598,315.94,25.18,433.45,145.26
COCO_train2014_000000444598,63.38,121.76,196.82,254.09
COCO_train2014_000000445030,302.84,92.4,401.86,478.02
COCO_train2014_000000446093,38.83,58.97,260.31,631.37
COCO_train2014_000000446093,153.89,67.36,356.67,634.01
COCO_train2014_000000446670,115.4,364.51,289.25,640
COCO_train2014_000000446670,37.93,341.58,132.97,602.93
COCO_train2014_000000447738,328.88,77.92,454.69,282.09
COCO_train2014_000000448274,327.03,175.03,418.3,424
COCO_train2014_000000448531,0,155.55,140.9,339.86
COCO_train2014_000000448531,402.88,121.57,610.76,363.74
COCO_train2014_000000449197,374.34,136.91,573.48,369.56
COCO_train2014_000000450735,369.73,205.07,506.16,447.52
COCO_train2014_000000453549,128,184.09,271.82,632.81
COCO_train2014_000000454174,377.66,169.36,625.47,289.52
COCO_train2014_000000455358,0,4,344.88,359.57
COCO_train2014_000000455369,35.6,86.56,180.4,355.15
COCO_train2014_000000455406,410.97,276.21,639.64,474.68
COCO_train2014_000000456545,71.66,231.04,173.97,511.49
COCO_train2014_000000457660,179.6,40.5,338.16,172.37
COCO_train2014_000000458143,274.69,211.17,375.92,399.05
COCO_train2014_000000460362,0.96,10.31,254.23,419.96
COCO_train2014_000000460362,119.5,12.78,423.87,418.61
COCO_train2014_000000460370,247.56,75.8,347.36,415.49
COCO_train2014_000000460370,64.24,67.53,238.43,427
COCO_train2014_000000461908,179.59,20.38,332.94,372.66
COCO_train2014_000000461996,23.81,44.29,216.42,621.55
COCO_train2014_000000461996,191.15,258.9,372.72,623.05
COCO_train2014_000000462383,447.15,3.9,640,155.51
COCO_train2014_000000462445,158.68,26.45,351.02,427
COCO_train2014_000000462957,463.64,88.08,603.65,355.3
COCO_train2014_000000463474,258.73,27.76,368.86,437.19
COCO_train2014_000000464166,381.9,36.42,618.12,404.53
COCO_train2014_000000464715,329.07,288.52,481.15,411.65
COCO_train2014_000000464917,221.82,117.56,343.82,420.35
COCO_train2014_000000464917,20.15,113.23,102.67,374.22
COCO_train2014_000000465829,1.08,0,185.53,363.18
COCO_train2014_000000466024,101.34,96.28,303.97,301
COCO_train2014_000000467774,113.55,226.06,471.74,474.84
COCO_train2014_000000468373,226.31,46.85,480,474.95
COCO_train2014_000000468818,434.59,120.54,640,475.14
COCO_train2014_000000468818,195.24,73.47,309.57,452.07
COCO_train2014_000000469825,270.74,60.22,590.02,373.03
COCO_train2014_000000470618,377.13,183.44,505.74,372.95
COCO_train2014_000000470618,159.76,148.47,247.87,289.83
COCO_train2014_000000471315,316.04,176.9,476.76,424.99
COCO_train2014_000000471900,60.88,51.35,248.38,407
COCO_train2014_000000472393,200.04,60.57,313.52,391.42
COCO_train2014_000000472393,94.78,51.7,213.5,411.68
COCO_train2014_000000472749,19.38,65.47,192.13,329.24
COCO_train2014_000000475142,51.77,264.49,172.14,397.5
COCO_train2014_000000475142,130.02,207.99,304.98,360.59
COCO_train2014_000000477797,222.2,343.01,482.16,420.67
COCO_train2014_000000480014,148.93,279.4,276.35,439.38
COCO_train2014_000000480729,106.79,2.16,262.11,96
COCO_train2014_000000480741,374.29,12.94,584.63,289.08
COCO_train2014_000000480741,174.74,48.54,553.35,381.84
COCO_train2014_000000480991,1.08,281.62,640,475.14
COCO_train2014_000000481292,359.48,200.78,508.13,325.55
COCO_train2014_000000481428,1.92,1.92,244.69,204.38
COCO_train2014_000000481530,136.94,2.16,318.56,325.05
COCO_train2014_000000482251,7.69,100.03,108.68,422.23
COCO_train2014_000000482326,0,64.04,45.67,442.94
COCO_train2014_000000482330,202.92,258.55,383.33,412.44
COCO_train2014_000000484206,94,146.93,315.03,219.76
COCO_train2014_000000484385,16.56,215.34,280.09,563.2
COCO_train2014_000000484385,206.13,235.68,337.3,616.22
COCO_train2014_000000484385,195.99,102.55,351.76,323.95
COCO_train2014_000000485014,43.26,240.26,147.28,414.78
COCO_train2014_000000485014,550,278.13,640,445.63
COCO_train2014_000000485364,557.77,156.18,638.49,407.42
COCO_train2014_000000485632,283.15,214.04,453.37,340.45
COCO_train2014_000000485868,361.17,77.71,436.96,269.17
COCO_train2014_000000485954,519.64,284.03,640,480
COCO_train2014_000000485954,297.29,103.05,525.42,437.51
COCO_train2014_000000487502,147.42,64.13,266.4,327.53
COCO_train2014_000000487502,263.84,96.23,374.9,331.22
COCO_train2014_000000487602,172.58,73.35,458.79,570.97
COCO_train2014_000000488127,256.2,63.17,384.78,293.46
COCO_train2014_000000488127,356.95,6.72,575.73,421.24
COCO_train2014_000000488676,364.78,80.25,487.82,418.89
COCO_train2014_000000488676,74.04,68.6,181.84,335.38
COCO_train2014_000000488676,110.71,26.84,393.77,314.15
COCO_train2014_000000489107,51.57,81.02,153.76,367.54
COCO_train2014_000000490182,98.62,36.28,302.36,325.62
COCO_train2014_000000491204,524.51,27.62,640,197.02
COCO_train2014_000000491739,350.09,111.57,541.49,383.76
COCO_train2014_000000492096,0,28.68,56.23,326.98
COCO_train2014_000000492114,88.45,39.91,232.99,444.4
COCO_train2014_000000492408,346.74,105.57,606.31,220.83
COCO_train2014_000000493114,2.1,51.54,100.98,350.27
COCO_train2014_000000494174,0,147.62,356.64,343.32
COCO_train2014_000000494415,190.92,207.1,352.72,332.22
COCO_train2014_000000494733,137.23,89.31,288.51,428
COCO_train2014_000000494733,434.73,197.17,615.55,422.23
COCO_train2014_000000495344,152.21,55.52,508.33,347.5
COCO_train2014_000000495344,379.6,305.98,601.89,426
COCO_train2014_000000495875,363.16,87.82,450.91,331.54
COCO_train2014_000000495875,389.17,8.47,533.31,400.66
COCO_train2014_000000495902,113.53,163.77,248.16,339.59
COCO_train2014_000000495987,285.57,71.19,449.8,347.06
COCO_train2014_000000498295,36.22,382.78,147,635.01
COCO_train2014_000000498508,30.07,235.85,375.12,590.93
COCO_train2014_000000498639,292.06,50.29,453.4,434
COCO_train2014_000000498639,375.35,248.77,549.34,429.6
COCO_train2014_000000498639,202.4,119.69,329.88,427.19
COCO_train2014_000000498702,197,126.1,451,417.1
COCO_train2014_000000499538,152.53,56.32,500,369.8
COCO_train2014_000000500662,319.17,61.51,500.36,222.75
COCO_train2014_000000502015,3.98,158.04,241.71,548.5
COCO_train2014_000000502553,0.86,300.14,640,382.79
COCO_train2014_000000503227,382.68,153.33,516.25,273.99
COCO_train2014_000000503227,352.47,256.07,491.28,391.98
COCO_train2014_000000503478,0.17,0,138.66,216.98
COCO_train2014_000000503822,9.49,82.77,350.08,423.36
COCO_train2014_000000504878,188.26,105.97,278.03,278.03
COCO_train2014_000000504878,472.52,32.42,589.71,433.87
COCO_train2014_000000504878,377.08,149.69,478.45,308.77
COCO_train2014_000000504878,378.29,15,472.56,148.96
COCO_train2014_000000504878,273.71,216.08,381.28,428.45
COCO_train2014_000000505884,395.95,60.19,517.68,473.53
COCO_train2014_000000505898,0.42,1.07,210.3,640
COCO_train2014_000000507642,143.02,89.21,362.62,334.81
COCO_train2014_000000507952,340.06,258.53,600.42,370.26
COCO_train2014_000000508429,150.52,69.54,305.19,276.39
COCO_train2014_000000510027,374.01,258.14,552.63,476.8
COCO_train2014_000000510027,40.9,144.22,376.68,260.45
COCO_train2014_000000510334,4.51,253.48,248.94,562.92
COCO_train2014_000000510572,257.97,208.57,459.69,430.87
COCO_train2014_000000511036,364.2,218.15,588.23,420.11
COCO_train2014_000000512561,65.15,183.68,281.49,459.2
COCO_train2014_000000512658,283.85,58.77,363.69,332.64
COCO_train2014_000000512658,0.66,71.45,124.3,256.33
COCO_train2014_000000512658,82.08,46.14,183.01,238.05
COCO_train2014_000000512941,323.32,55.49,471.3,394.02
COCO_train2014_000000513704,201.53,253.96,324,365.36
COCO_train2014_000000513704,355.55,267.57,468.92,513.8
COCO_train2014_000000514064,9.27,105.34,286.52,364.89
COCO_train2014_000000515053,113.6,138.52,259.81,393.07
COCO_train2014_000000515252,1.29,133.99,214.43,360.89
COCO_train2014_000000515470,241.43,97.11,410.06,397.13
COCO_train2014_000000518318,54.02,97.85,176.75,491.96
COCO_train2014_000000518455,374.29,299.87,615.91,474.61
COCO_train2014_000000518455,159.64,133.75,398.02,474.61
COCO_train2014_000000518918,525.83,134.87,640,267.65
COCO_train2014_000000518918,279.44,91.38,405.63,219.83
COCO_train2014_000000519205,241.25,237.71,637.41,406.12
COCO_train2014_000000519205,74.26,119.82,240,321.08
COCO_train2014_000000520831,126.56,112.18,381.12,550.83
COCO_train2014_000000520978,75.51,147.78,211.42,458.43
COCO_train2014_000000520978,171.51,159.46,285.84,424.81
COCO_train2014_000000521064,203.29,147.95,376.09,310.59
COCO_train2014_000000521618,379.45,250.79,640,425.43
COCO_train2014_000000521800,322.17,228.89,478.93,352.95
COCO_train2014_000000522240,0.96,181.75,137.55,312.56
COCO_train2014_000000522240,244.68,123.99,577.32,254.37
COCO_train2014_000000522462,202.93,0,436.42,87.59
COCO_train2014_000000524662,516.14,303.81,599.72,474.35
COCO_train2014_000000524710,97.74,542.39,548.77,589.78
COCO_train2014_000000525459,0,75,144.67,208.43
COCO_train2014_000000525459,0,183.15,195.51,355.06
COCO_train2014_000000525555,36.26,183.07,206.07,375.09
COCO_train2014_000000525555,157.69,268.79,529.61,402.46
COCO_train2014_000000526552,189.62,143.14,482.01,298.5
COCO_train2014_000000526552,1.06,9.53,584.25,301.65
COCO_train2014_000000526597,255.64,40.81,474.61,471.19
COCO_train2014_000000526597,52.65,120.77,218.84,480
COCO_train2014_000000528020,326.83,93.84,428.22,421.75
COCO_train2014_000000529352,1.08,279.37,208.86,472.08
COCO_train2014_000000529352,272.37,354.19,398.33,472.62
COCO_train2014_000000530132,432.75,150.44,578.79,341.58
COCO_train2014_000000530629,371.81,216.8,484.19,519.5
COCO_train2014_000000530750,145.13,106.72,309.83,480
COCO_train2014_000000532622,62.87,308.83,154.65,630.56
COCO_train2014_000000533293,183.37,177.17,640,292.58
COCO_train2014_000000534711,33.79,101.86,120.51,330.22
COCO_train2014_000000535218,102.25,96.7,224.72,433.78
COCO_train2014_000000535218,165.36,3.17,323.26,490.55
COCO_train2014_000000535229,41.17,9.69,315.94,408.92
COCO_train2014_000000536054,117.02,121.75,248.13,264.78
COCO_train2014_000000536055,1.43,44.52,117.4,554.23
COCO_train2014_000000537188,145.62,17.26,640,470.29
COCO_train2014_000000537188,307.03,239.46,640,474.05
COCO_train2014_000000538518,420.93,105.06,562.45,480
COCO_train2014_000000538544,406.85,9.6,509.52,163.12
COCO_train2014_000000538872,416.17,13.75,550.92,347.42
COCO_train2014_000000539647,301.7,25.78,640,420.98
COCO_train2014_000000540464,212.18,0.8,357.73,142.77
COCO_train2014_000000541505,239.98,389.46,349.96,557.33
COCO_train2014_000000541505,115.66,425.83,230.81,557.44
COCO_train2014_000000542027,205.66,225.8,395.51,430.02
COCO_train2014_000000542160,210.81,105.49,336.42,408.22
COCO_train2014_000000543490,271.84,53.68,633.3,408.25
COCO_train2014_000000543833,139.64,84.57,489.97,459.84
COCO_train2014_000000544109,296.5,197.82,545.82,426.18
COCO_train2014_000000544831,235.92,4.9,494.72,186.34
COCO_train2014_000000545187,245.15,203.16,404.64,429.69
COCO_train2014_000000545187,88.97,114.97,241.08,452.77
COCO_train2014_000000545260,53.21,45.76,254.34,288.4
COCO_train2014_000000545793,426.18,117.01,627.05,400.74
COCO_train2014_000000546301,389.8,228.53,605.67,340.88
COCO_train2014_000000546408,0,124.95,214.89,421.02
COCO_train2014_000000547662,236.27,0,500,200.11
COCO_train2014_000000547662,385.11,60.42,499.72,298.06
COCO_train2014_000000547795,119.41,157.71,295.17,349.72
COCO_train2014_000000548559,447.68,223.62,640,350.29
COCO_train2014_000000548704,1.11,1.11,242.89,221.82
COCO_train2014_000000549347,151.75,188.29,330.4,396
COCO_train2014_000000549347,134.04,388.87,334.6,480
COCO_train2014_000000549366,0,202.35,113.77,420.14
COCO_train2014_000000550134,150.36,156.27,359.41,537.68
COCO_train2014_000000550140,476.78,110.1,586.89,425.85
COCO_train2014_000000550140,146.81,113.23,375.18,421.24
COCO_train2014_000000550726,185.53,126.92,365.3,630.29
COCO_train2014_000000551710,425.95,132.9,489.73,365.33
COCO_train2014_000000551710,312.81,135.98,388.31,367.89
COCO_train2014_000000551710,98.54,124.04,184.98,455.1
COCO_train2014_000000551710,152.09,242.7,304.18,473.53
COCO_train2014_000000552549,357.66,196.5,537.94,305.44
COCO_train2014_000000553284,275.56,193.68,359.1,473.88
COCO_train2014_000000554699,0,41.52,134.78,314.62
COCO_train2014_000000554699,7.48,62.34,354.08,379.01
COCO_train2014_000000555020,194.16,138.82,437.93,354.55
COCO_train2014_000000555654,379.73,122.55,548.57,381.42
COCO_train2014_000000557628,454.23,125.74,594.9,472.59
COCO_train2014_000000558576,238.92,173.22,445.56,386.31
COCO_train2014_000000559949,270.8,91.2,354.35,367.56
COCO_train2014_000000560152,134.94,12.52,251.21,167.25
COCO_train2014_000000560155,69.22,1.02,299.27,212.75
COCO_train2014_000000560476,393.26,156.87,507,420.98
COCO_train2014_000000560476,170.22,163.01,278.9,422.67
COCO_train2014_000000560576,342.56,112.27,505.68,422.2
COCO_train2014_000000561454,286.21,59.92,558.22,471.49
COCO_train2014_000000561545,234.66,150.03,428.92,288.51
COCO_train2014_000000561624,456.88,94.22,557.12,277.36
COCO_train2014_000000562014,315.5,187.2,483.97,534.98
COCO_train2014_000000562063,108.53,204.95,297.52,368.65
COCO_train2014_000000562063,163.22,50.25,314.99,193.43
COCO_train2014_000000563364,192.38,36.54,273.03,257.49
COCO_train2014_000000563617,371.35,21.11,518.16,339.68
COCO_train2014_000000563617,325.04,0.01,433.31,325.35
COCO_train2014_000000563791,396.19,89.65,549.46,338.35
COCO_train2014_000000565769,83.48,142.01,339.68,314.73
COCO_train2014_000000568341,15.41,374.33,427,598.12
COCO_train2014_000000568873,529.76,169.44,618.37,419.08
COCO_train2014_000000568873,386.84,151.5,491.65,419.24
COCO_train2014_000000569255,112.46,138.24,258.61,373.02
COCO_train2014_000000570178,367.58,153.74,539.49,317.27
COCO_train2014_000000570211,392.63,1.44,640,585.21
COCO_train2014_000000571541,358.51,194.91,502.01,351.01
COCO_train2014_000000571694,506.94,69.12,599.59,322.36
COCO_train2014_000000571694,9.06,66.54,108.72,386.67
COCO_train2014_000000573632,106.5,37.04,268.31,144.91
COCO_train2014_000000574443,152.47,140.37,523.58,329.15
COCO_train2014_000000574760,11.14,237.24,398.35,640
COCO_train2014_000000575649,219.59,32.94,472.97,369.09
COCO_train2014_000000576188,183.8,51.69,449.93,420.26
COCO_train2014_000000576286,37.39,56.09,302.02,625.62
COCO_train2014_000000576581,48.54,9.71,588.94,474.61
COCO_train2014_000000577399,95,198.99,250.18,457
COCO_train2014_000000578002,268.99,80.88,508.29,398.1
COCO_train2014_000000578805,34.23,120.46,192.38,368.32
COCO_train2014_000000578808,145.23,439.94,337.9,640
COCO_train2014_000000580008,31.2,291.61,198.24,499.06
COCO_train2014_000000581518,94.47,153.47,328.59,265.74
